Prov,Code_Site,Site_name,District,OverallScore,Sub,Revenue,Revenue_Loss,Day_Down_hour,Night_Down_hour,AC_Power_Downtime_hour,Distance_KM,Access_Time_Minute,Backup_time_Minute,Lat,Long
ATP,ATP0040,ATP0040_MAIHINLAD,Sanamxai,5,4351,332460788.2,4263777.86,48.1,13.4,60.6,36,135,20,14.70412,106.497624
ATP,ATP0052,ATP0052_CHALERNXAY,Sanxai,5,647,112099747,4638370.405,122.6,208.5,273.6,87,120,25,15.16606,107.078664
ATP,ATP0055,ATP0055_KM100,Sanamxai,5,1525,217313822.7,10104052.21,190.6,146.6,77,100,120,40,14.7399,107.482
ATP,ATP0056,ATP0056_BORKHAMVANGTAD,Sanxai,5,6584,199314283.8,10145635.77,178,214.9,157.3,19,70,20,14.7399,107.482
ATP,ATP0069,ATP0069_NAMKONG_DAM1,Phouvong,6,2504,438782828.2,18912299.77,141.6,110.3,185.5,61,120,37,14.571393,106.740074
ATP,ATP0082,ATP0082_BORKHAMNAMSOUAN,Phouvong,5,2089,153007354.6,5224481.091,124.8,205,232.3,84,180,25,14.674324,107.33304
BLK,BLK0006,BLK0006_BOUAVENGKHAM,Pakxan,5,8809,575025121.5,7414152.065,44.2,58.2,93,18,60,20,18.435622,103.768888
BLK,BLK0012,BLK0012_HOUAYXAY,Pakxan,5,12147,574031169,5892399.099,40.8,34.8,75.6,30,60,10,18.3557,103.872
BLK,BLK0014,BLK0014_KHAMBONE,Pakxan,5,26300,716796614,19952912.23,82.7,74.5,133.2,25,60,60,18.494829,103.834672
BLK,BLK0018,BLK0018_NAHOI,Pakxan,5,39524,403753181.7,5192668.815,35.9,72.1,103.7,14,40,10,18.3648,103.757
BLK,BLK0019,BLK0019_NAMOUANG,Pakxan,5,6290,333812533.2,5608181.354,68.1,71,135.9,33,75,10,18.378512,103.879664
BLK,BLK0021,BLK0021_NONGBUA,Pakxan,5,16598,593578119.7,7120515.687,32.8,42,66.4,18,60,10,18.4465,103.784
BLK,BLK0029,BLK0029_PAXOUM,Pakxan,5,14425,431742073.3,6268870.574,49.3,50.5,99.5,10,35,60,18.4361,103.714
BLK,BLK0077,BLK0077_NONGPONG,Khamkeut,5,21159,573343303.6,11143216.02,37.4,64.1,94,2,30,10,18.1881,104.9672
BLK,BLK0086,BLK0086_PHONVILAI,Khamkeut,5,11883,944955046,6683279.95,26.7,12.9,33.5,25,60,10,18.07867,105.04306
BLK,BLK0093,BLK0093_THONGKHAE,khamkeut,5,11421,588828993.2,5946437.37,40.4,50.4,64.9,30,60,10,18.1509,105.114
BLK,BLK0100,BLK0100_HOUAYPHET,Pakkading,5,21969,304938483.7,5857531.321,106.1,26.2,87.6,106,150,10,18.109163,104.33727
BLK,BLK0101,BLK0101_KEANGLUANG,Pakkading,5,7172,242276421.1,4627735.625,96.5,82,87.2,100,150,10,18.12759,104.18673
BLK,BLK0104,BLK0104_LAOKHA,Pakkading,5,37363,337858637,4770373.316,47.7,61.9,99.7,50,90,10,18.301088,104.044726
BLK,BLK0106,BLK0106_NAMAY,Pakkading,5,5897,244410066,4833000.554,53.8,117.2,146.6,56,90,30,18.426387,103.8944
BLK,BLK0107,BLK0107_NAMDAUE,Pakkading,5,60981,732226344.9,14287660.58,51.3,36.4,74.1,64,100,20,18.234,104.188
BLK,BLK0109,BLK0109_NAMTHERN,Pakkading,6,14265,564921134.1,18729955.07,48.2,65.4,91.3,72,120,10,18.32762,104.142165
BLK,BLK0116,BLK0116_PAKKADINGMAI,Pakkading,6,63887,1278747444,25912875.61,32.8,37.7,53.3,62,100,30,18.301109,104.10046
BLK,BLK0127,BLK0127_THONGNAMEE,Pakkading,5,60297,1654913016,16356333.13,35,9.6,12.7,80,120,0,18.16844,104.23902
BLK,BLK0131,BLK0131_CHOMTHONG,Viengthong,6,13201,717760772.5,21476732.18,69.5,95.6,109.1,25,60,30,18.7055,104.262
BLK,BLK0132,BLK0132_HINNGON,Viengthong,5,14135,485073138.9,7646508.538,53.2,30.4,73,15,60,10,18.4059,104.484
BLK,BLK0135,BLK0135_M_XAICHAMPHONE,Xaichamphone,5,2098,307478085.6,5231534.242,150.2,177.8,56.6,188,270,10,18.577975,104.985867
BLK,BLK0136,BLK0136_MEUANGMEUAN,Viengthong,6,9101,464882990.8,19976375.35,118.2,79.6,183.2,35,75,10,18.702728,104.214672
BLK,BLK0137,BLK0137_MIXAI,Viengthong,6,6095,672328912.2,19686072.15,129.4,58.5,170,25,60,10,18.601234,104.44345
BLK,BLK0139,BLK0139_NAMKANG,Viengthong,5,14537,523904387,5243749.431,44.9,21,55.7,20,60,20,18.444084,104.493742
BLK,BLK0141,BLK0141_NAPHERN,Viengthong,6,2577,469495646.3,22450965.51,90.1,238.3,266.5,68,180,10,18.903801,104.224651
BLK,BLK0142,BLK0142_NONGPARD,Viengthong,5,5829,293809719.4,5095438.849,154.3,89.2,224.9,15,60,10,18.444429,104.522186
BLK,BLK0143,BLK0143_OUDOMXAI,Viengthong,5,2664,273796543.3,6205970.077,118.3,65.2,166.7,28,60,60,18.4165,104.544
BLK,BLK0145,BLK0145_PHONDOU,Viengthong,5,14698,487898690.5,4141765.829,58.8,29.2,83.1,10,35,40,18.572159,104.388019
BLK,BLK0147,BLK0147_THONGMEXAY,Viengthong,5,1449,198647793.1,8895820.902,691.6,617.3,1163.2,88,240,10,18.992086,104.271947
BLK,BLK0148,BLK0148_VANGHIN,Viengthong,5,8331,223825644,4157311.208,61.3,56,107.6,4,30,10,18.5306,104.469
BLK,BLK0148,BLK0148_VANGHIN_GU,Viengthong,5,8185,28700062.58,0,0,0,0,4,30,10,18.5306,104.469
BLK,BLK0149,BLK0149_XIENGLEU,Borikhan,6,9402,927123722.9,51617025.14,82.3,88.8,166.3,124,180,60,18.7063,104.011
BLK,BLK0150,BLK0150_MOUANGJAM,Xaichamphone,5,3647,577259001.2,43742910.27,139.2,189.3,25.9,162,240,30,18.6094,104.832
BLK,BLK0151,BLK0151_NAM_ON,Xaichamphone,5,3009,244689547.9,9884965.657,152.6,202.6,58.2,185,270,30,18.5807,104.993
BLK,BLK0152,BLK0152_PHONKHAM,Xaichamphone,6,1429,346441534.1,29702336.91,258.6,285.2,238.7,195,300,10,18.587429,105.016366
BLK,BLK0154,BLK0154_BANBOR,Borikhan,5,5693,414936966.4,6225627.907,90.7,75.9,160.9,75,120,10,18.74903,103.59415
BLK,BLK0155,BLK0155_BOLIKHAN,Borikhan,6,52828,1120755055,45914134.76,94.5,122,171.9,28,60,30,18.5719,103.736
BLK,BLK0156,BLK0156_BORKAO,Borikhan,5,3995,305042370.8,10206129.2,116.9,128.3,220.8,86,150,10,18.76965,103.55717
BLK,BLK0158,BLK0158_HADYEUN,Borikhan,5,3482,346530384.3,7752209.1,124.5,58.4,138.7,50,90,10,18.6585,103.577
BLK,BLK0159,BLK0159_HARDXIENGTOM,Borikhan,5,16942,418350232.1,5469975.204,63.5,28.2,79.1,25,60,20,18.557058,103.727146
BLK,BLK0160,BLK0160_HOUAYKHOUN,Borikhan,5,31295,766845768.5,11106321.71,54.1,13.9,67.6,18,60,10,18.49027,103.6555
BLK,BLK0163,BLK0163_KOKPHO,Borikhan,5,8673,278580357.5,7012816.685,109.4,146.8,245.2,96,180,10,18.7714,103.882
BLK,BLK0165,BLK0165_NAHAN,Borikhan,5,21983,466187731,5856914.508,73.7,29.4,92.8,25,60,30,18.561162,103.722361
BLK,BLK0166,BLK0166_NAKOUN,Pakxan,5,5655,230652441.9,7313857.93,139,197.9,288.4,100,150,10,18.395652,103.659991
BLK,BLK0168,BLK0168_NA_O,Borikhan,5,8897,378833931.3,7517478.735,109.3,52.1,151.6,50,90,60,18.521882,103.753413
BLK,BLK0170,BLK0170_PHADAI,Borikhan,5,3283,273774624.7,7028676.773,172.8,183,330.3,75,120,10,18.821808,103.67371
BLK,BLK0172,BLK0172_PHAMEUNG,Borikhan,6,27687,1263568240,26246151.99,74.4,60.4,131.4,53,90,10,18.743252,103.684613
BLK,BLK0174,BLK0174_THASI,Borikhan,5,37577,527786480.6,6494134.93,46.1,37.2,70.6,82,150,10,18.8449,103.813
BLK,BLK0175,BLK0175_THONGKHANKHAM,Borikhan,5,4002,196752951.2,4269373.713,110.4,151.1,237.4,50,90,240,18.523222,103.89046
BLK,BLK0177,BLK0177_XOMSUEN,Borikhan,5,37261,582461488.4,6061236.127,40,6.5,37.8,20,60,30,18.5012,103.6707
BLK,BLK0181,BLK0181_HOUAYSAYPHAY,Thaphabat,5,38621,563858537.8,8175604.31,75.4,28,91.7,80,120,0,18.2202,103.14
BLK,BLK0182,BLK0182_HOUYLEUK,Thaphabat,5,30268,318036755.7,4417580.951,49.6,64.5,107.8,66,100,30,18.3884,103.152
BLK,BLK0186,BLK0186_PALAI,Thaphabat,5,74081,539171441.4,4329335.616,31.2,22.1,51.4,62,100,0,18.3661,103.189
BLK,BLK0199,BLK0199_BORKHAMNAKADOK,Khamkeut,5,1862,440127078.2,10346695.9,50,121.2,140.7,42,90,10,18.122217,105.167584
BLK,BLK0209,BLK0209_SOPKHONE,Pakxan,6,2161,264894617.6,19400281.32,191.4,301.3,209.7,150,240,90,18.475123,103.70612
BOK,BOK0003,BOK0003_BANXANG,Houayxay,5,22050,243657567.8,6162717.031,59.6,127.1,166.9,50,120,30,20.48126,100.56034
BOK,BOK0004,BOK0004_BOKEO,Houayxay,5,25673,740861668.4,6360908.967,12.1,42.8,53.6,1,2,50,20.281354,100.416139
BOK,BOK0008,BOK0008_DONCHAI,Houayxay,5,21155,405742579.2,4344274.229,42.9,42.1,80.3,70,105,110,20.39904,100.82975
BOK,BOK0018,BOK0018_NALAE,Houayxay,6,35519,1232012597,22615946.52,32.6,37.6,66.3,16,25,20,20.27704,100.47896
BOK,BOK0024,BOK0024_NAMPOOK,Houayxay,5,11934,633527531.2,11308110.54,56.1,39.7,87.1,37,60,20,20.22267,100.5713
BOK,BOK0053,BOK0053_DONEKEO,Tonpheung,5,31490,645567746.6,12913064.5,42.7,67.6,110.3,15,20,20,20.33992,100.19299
BOK,BOK0058,BOK0058_HOMYENT,Tonpheung,5,5845,378226214.3,4030422.172,39.3,58.7,93.6,9,25,15,20.2542342,100.1371477
BOK,BOK0070,BOK0070_KHAIYTHAHAN,Tonpheung,5,45717,570727745.9,4350543.069,10.9,69.5,54.1,12,20,115,20.334136,100.120907
BOK,BOK0077,BOK0077_MYANMAR_VILLAGE,Tonpheung,5,91704,2355034467,51228163.02,15.2,18,26.2,10,20,190,20.34444,100.10063
BOK,BOK0078,BOK0078_NAMKEUNGKAO,Tonpheung,5,20371,498594553,6841915.764,34.5,85.4,88.1,43,10,180,20.4091,100.2601
BOK,BOK0094,BOK0094_SIBOONHOUENG,Tonpheung,5,48222,565177345,8674279.423,33.1,62.2,64.9,15,25,120,20.35942,100.08839
BOK,BOK0111,BOK0111_TONPHEUNG_POST,Tonpheung,5,35486,711292527.6,8949870.873,28.2,46,72.9,3,5,0,20.290752,100.098381
BOK,BOK0119,BOK0119_HOUANAMKHA,Meung,5,2659,299257423.8,8529815.904,81.8,157.1,169.1,85,180,530,20.62409,100.40393
BOK,BOK0122,BOK0122_MONLAEM,Meung,5,3619,338708006.8,12322860.39,150,118.1,262.9,120,230,15,20.78963,100.49579
BOK,BOK0130,BOK0130_JIENGTONG,Paktha,6,2408,647617040.8,20837284.29,122.5,68.5,128.5,93,210,180,19.79553,100.517
BOK,BOK0131,BOK0131_KONETUEN,Paktha,5,7371,289983782,5085454.609,84.8,33.9,117.1,72,160,70,19.81877,100.5772
BOK,BOK0143,BOK0143_PHOUTHO,Pha-Oudom,5,5668,352448136.5,6426381.883,56.2,64.5,77.4,93,180,194,20.04483,100.72205
BOK,BOK0148,BOK0148_KAENGPHAK,Paktha,5,6089,301509049,4564720.579,89.7,27.1,87.6,78,180,30,20.01462,100.58717
BOK,BOK0159,BOK0159_INDOOR_ITS_TAIYUAN_BUILDING_F10,Tonpheung,5,21685,550520283,5006517.751,73,12.7,81.3,10,20,600,20.339601,100.104994
CHP,CHP0088,CHP0088_KM45,Pakxong,5,27184,478858835,3960674.118,29.4,18.2,33.6,5,7,0,15.19361,106.19336
CHP,CHP0090,CHP0090_NONGTAO,Pakxong,5,7819,456456424.6,11228187.65,32.1,128.2,91.7,32,45,240,15.26883,106.08035
CHP,CHP0094,CHP0094_HOAUYJIET,Bachiangchareunsouk,5,6858,325743187.4,6363858.484,59.5,113.1,87.7,35,60,240,15.317688,106.075475
CHP,CHP0126,CHP0126_THONGKALONG,Pakxong,5,3197,297520867.1,5710637.201,77.8,62.6,85.3,26,30,0,15.2166,106.42
CHP,CHP0127,CHP0127_THONGKATAI,Pakxong,5,6650,443664309.4,5079452.806,37.9,19.9,48.4,5,20,0,15.05597,106.38216
CHP,CHP0134,CHP0134_KENGKOUM,Khong,5,8739,310945224.3,6996199.495,62.8,67.3,116.9,10,20,300,14.02267,105.87671
CHP,CHP0143,CHP0143_KOKPADAEK,Khong,5,3912,228749299.1,6613722.009,150.2,99,211.2,40,90,90,14.2609,105.867716
CHP,CHP0146,CHP0146_LOPPADEE,Khong,6,8478,223716279.9,16993613.03,173.3,274.8,233,30,90,60,14.031078,105.836197
CHP,CHP0184,CHP0184_KM12,Phonthong,5,22339,674667749,5621442.883,23.1,11.9,30.9,12,30,120,15.091561,105.673677
CHP,CHP0193,CHP0193_PHONTHONG_MK,Phonthong,5,18102,489021889.7,6925989.902,62.8,36.3,87,25,60,0,15.100537,105.652674
CHP,CHP0209,CHP0209_NAKEO,Xanasomboun,5,7362,227322412.7,4561882.143,74,50.9,102.6,25,60,120,15.271264,105.722754
CHP,CHP0215,CHP0215_HOUAYGNANG,Xanasomboun,5,8596,214487334.3,5502390.879,41.8,132.9,109.3,35,60,60,15.2307,105.669
CHP,CHP0255,CHP0255_HUAYNA,Champasak,5,2231,196140616.9,4363879.856,56,93.5,93.5,70,180,60,14.87644,105.63364
CHP,CHP0276,CHP0276_OUTHOMMAI,Mounlapamok,5,9834,377751493.9,10076243.91,100.1,52.3,122.9,125,300,0,14.52874,105.82602
CHP,CHP0278,CHP0278_THADUAE,Mounlapamok,5,5508,248650114.9,8791718.424,169.1,148.9,180.2,39,60,0,14.20077,105.77069
CHP,CHP0287,CHP0287_NONGNAGA,Mounlapamok,5,2254,218619228.6,7077809.417,114.7,142.9,219.2,50,90,0,14.36791,105.51209
CHP,CHP0291,CHP0291_THAPHO,Khong,5,17684,188241374.6,4947764.053,103.7,81.9,139.4,50,60,120,14.37578,105.87297
CHP,CHP0296,CHP0296_LARDBOK,Bachiangchareunsouk,5,12060,277842367.9,6524478.86,111,65.6,139.6,66,120,0,15.3641,106.03481
CHP,CHP0297,CHP0297_NONGKANG,Bachiangchareunsouk,5,5885,217054465,9240495.143,137.7,146,150.5,45,120,120,15.29891,105.88062
CHP,CHP0298,CHP0298_NONGSAI,Bachiangchareunsouk,5,3674,260465518.4,4396486.604,63.3,80.4,119.8,40,120,0,15.2396,105.885
CHP,CHP0303,CHP0303_HUAYLEUSE,Bachiangchareunsouk,5,24403,405927337.8,5014454.655,35.1,39.8,68.8,15,30,0,15.06995,105.89291
CHP,CHP0337,CHP0337_KM19_BEERLAO,Bachiangchareunsouk,5,27514,480271031.1,6257733.9,45,62.3,75.4,19,60,240,15.03814,105.90435
CHP,CHP0338,CHP0338_KM24,Pathoumphon,5,27793,528995518.4,12383447.76,73,55.5,87.1,24,60,120,14.98746,105.91474
CHP,CHP0345,CHP0345_NAMPHARK,Pathoumphon,5,9866,281721999.1,6422275.377,71.5,104.7,107.2,35,60,0,15.00055,105.9519
CHP,CHP0346,CHP0346_NONGAEK,Pathoumphon,5,1398,137243115.9,4591355.891,111.4,194.7,290.3,75,180,120,14.88157,106.176459
CHP,CHP0353,CHP0353_SANOT,Pathoumphon,5,2969,261787106.7,4923841.888,71.5,141.7,213.1,65,180,240,14.815025,106.058717
CHP,CHP0421,CHP0421_NAANG,Pathoumphon,5,3402,276041602.2,6905055.996,80.1,163.9,190.5,78,180,180,14.76797,106.16812
HUP,HUP0057,HUP0057_SOPLRAP,Hiem,5,12081,271410678.1,4768573.423,26.3,58.2,69.5,108,180,36,20.03276,103.61058
HUP,HUP0059,HUP0059_HOUAYMOUNG,Koune,5,5352,430647668.2,4068140.861,36.8,34.5,70.1,198,360,30,19.818,104.4586
KHM,KHM0045,KHM0045_PHONPHIM,Thakhek,5,44902,506165917,5506342.131,36.8,13.5,50.1,13,25,30,17.381226,104.84811
KHM,KHM0049,KHM0049_LAMMALATH,Thakhek,5,5547,309915874.2,5918146.819,94.2,27.9,121.4,24,35,10,17.3073153,104.869496
KHM,KHM0050,KHM0050_BORKEUAKALY_FT,Thakhek,5,9278,333260241.2,4484829.481,48.8,51.6,100.3,25,35,480,17.3058,104.868
KHM,KHM0051,KHM0051_KHAIYUAN_FT,Thakhek,5,34799,395928057.8,8762787.376,57.1,56.3,89.9,26,35,0,17.309512,104.866665
KHM,KHM0052,KHM0052_PHONYIA,Thakhek,5,26458,431722778.2,8342605.985,81.9,30.3,105,28,40,20,17.312864,104.905002
KHM,KHM0054,KHM0054_NASAAD,Thakhek,5,48180,722568436.2,7968833.177,37.3,11.6,48.9,37,45,60,17.2977943,104.9522751
KHM,KHM0055,KHM0055_XIENGLEA,Thakhek,5,29912,349003265.5,9096038.954,81.9,66.8,115.2,35,45,40,17.2533,104.946
KHM,KHM0056,KHM0056_NAKANG,Thakhek,5,55808,379879650,12626266.5,106.1,73.6,153.7,38,50,20,17.2129,104.918
KHM,KHM0058,KHM0058_XIENGXON,Thakhek,5,2952,259915063.3,10957446.58,137.3,72.1,172.9,35,45,60,17.3305,104.995
KHM,KHM0065,KHM0065_PHALEAM,Thakhek,5,3121,207592993.1,9497637.195,125.6,108.8,231.5,40,55,30,17.53193,104.85498
KHM,KHM0070,KHM0070_PHONSOUNG,Thakhek,5,47060,334285396.6,7679500.63,49.2,49.7,99,17,25,240,17.471,104.765
KHM,KHM0071,KHM0071_NAMUANG,Thakhek,5,5228,223187207.5,5815366.228,66.7,52.1,113.5,20,30,5,17.4904,104.771324
KHM,KHM0072,KHM0072_NAKAIKHIAKHAM,Thakhek,5,30414,257082542.5,5847477.7,97.6,46.5,134.9,35,45,40,17.5214,104.754
KHM,KHM0079,KHM0079_MUANGSOUM,Thakhek,5,27811,367004728.3,3995292.729,46.1,20.4,54.8,13,25,60,17.33174,104.81289
KHM,KHM0080,KHM0080_THADEUA,Thakhek,5,60900,367658180.6,4681265.252,35.6,29.7,65.1,1,5,30,17.31052,104.81781
KHM,KHM0084,KHM0084_BORKEUADONGTAI,Xaibouathong,6,15679,760309719.7,21231394.4,53.8,48.5,90.6,25,35,480,17.1436,105.47087
KHM,KHM0084,KHM0084_NAKHAMCHOUANG,Xaibouathong,6,3134,10545906.15,0,0,0,0,25,35,480,17.1436,105.47087
KHM,KHM0085,KHM0085_NADINJEE,Thakhek,5,15095,243130852.8,7488717.587,97.9,62.3,134.2,23,35,5,17.22657,104.8243
KHM,KHM0087,KHM0087_NAMPHO,Thakhek,5,1785,601198.1271,0,0,0,0,38,60,360,17.18764,104.86637
KHM,KHM0087,KHM0087_NONSILA,Thakhek,5,2673,149584888.4,5500173.865,147.2,122,246,38,60,360,17.18764,104.86637
KHM,KHM0088,KHM0088_NACHAMPA,Nongbok,5,15000,370577302,5477789.23,130.1,103.9,231.8,50,70,15,17.17566,104.89643
KHM,KHM0089,KHM0089_PAKOUAYNONGBON,Nongbok,5,3321,7285129.898,0,0,0,0,55,75,30,17.164777,104.929505
KHM,KHM0089,KHM0089_PONGKEW,Nongbok,5,7298,100996902.1,5650103.288,166.4,120.9,262.9,55,75,30,17.164777,104.929505
KHM,KHM0090,KHM0090_NAMARKMI,Nongbok,5,2205,19351525.38,0,0,0,0,42,60,40,17.195622,105.496098
KHM,KHM0090,KHM0090_PHONPHENG,Nongbok,5,3197,198613038.8,12319233.09,220.4,178.4,358.6,42,60,40,17.195622,105.496098
KHM,KHM0091,KHM0091_KOUTCHUP,Nongbok,6,13740,329780959.5,21712498.55,116.9,108.9,209.4,30,40,10,17.158344,104.816584
KHM,KHM0092,KHM0092_XIENGWANGTHONG,Nongbok,5,15437,487804136.7,9942518.946,37.2,28.6,60.7,32,42,5,16.978682,104.798813
KHM,KHM0093,KHM0093_DONGKHUANG,Nongbok,5,16590,321999115,8095709.948,73.7,80.5,152.2,35,45,60,17.0988,104.794
KHM,KHM0095,KHM0095_NAKHAMNONGBOK,Nongbok,5,10779,629987796.3,12025358.19,77.3,16.1,86.7,55,70,20,17.10552,104.85952
KHM,KHM0098,KHM0098_PHUK_ETU,Nongbok,5,13076,416718516,5310340.91,61.1,11.5,72.6,52,70,20,17.038481,104.835523
KHM,KHM0102,KHM0102_NAMANPA,Nongbok,5,11089,302262718.8,4312293.464,46.5,15.5,62.1,42,55,60,17.07092,104.78752
KHM,KHM0103,KHM0103_BEUNGSANTHERNG,Nongbok,5,10026,403710961.9,7017180.975,53.8,12.6,66.6,50,70,20,17.0363,104.768
KHM,KHM0104,KHM0104_DONEKHIEW,Nongbok,5,12571,313424287.2,4569396.014,68.8,20.5,89.3,55,70,60,17.021965,104.749458
KHM,KHM0104,KHM0104_KHAMDOKMAI,Nongbok,5,3089,442522.0769,0,0,0,0,55,70,60,17.021965,104.749458
KHM,KHM0107,KHM0107_KOKKONG,Nongbok,5,17775,344218354.4,5292573.769,54.7,17.5,72.2,72,120,20,16.9556,104.761
KHM,KHM0110,KHM0110_BANKANG,Xebangfai,5,9465,7434075.334,0,0,0,0,35,48,360,17.23394,104.994
KHM,KHM0110,KHM0110_NABEUNG,Xebangfai,5,21934,104515359.6,6537552.674,230.2,245.3,442.6,35,48,360,17.23394,104.994
KHM,KHM0111,KHM0111_BANSANG,Xebangfai,5,30491,311090616.1,6518939.334,80,49.6,111.6,42,55,20,17.2305817,104.9695015
KHM,KHM0113,KHM0113_BANSOM,Xebangfai,6,4368,328443021.7,21226007.9,194.4,137.1,292.2,40,55,20,17.48999,105.60738
KHM,KHM0115,KHM0115_DONGMAKBA,Xebangfai,5,22704,95033592.23,4104017.877,165.7,212,262.8,43,60,40,17.1825,105.009
KHM,KHM0116,KHM0116_BANTEUNG,Xebangfai,5,36371,150723663.6,7286078.076,114.3,95.8,193.8,45,60,30,17.572898,105.227871
KHM,KHM0117,KHM0117_BEUNGHUANA,Xebangfai,5,34730,195601109.5,5872434.813,151.8,103.7,242,47,60,10,17.136,104.985
KHM,KHM0119,KHM0119_XEBANGFAITAI,Xebangfai,5,23752,288944471.4,4549355.575,105.3,36.6,132.3,52,68,20,17.08238,104.9831
KHM,KHM0120,KHM0120_NONGBONE,Boualapha,5,4893,137083968.4,10029850.94,142.9,266.7,359.4,55,75,10,17.107064,105.886874
KHM,KHM0123,KHM0123_HADKHAMHIENG,Xebangfai,5,4762,270031279.5,4274714.906,79.9,21.6,101.8,72,120,30,17.0683,104.902
KHM,KHM0127,KHM0127_KHOUNPHUN,Hinboun,5,12760,37513716.5,0,0,0,0,30,45,30,17.594522,104.666093
KHM,KHM0127,KHM0127_POUNGTAI,Hinboun,5,17336,206064798.5,5122059.266,80,26.2,70.3,30,45,30,17.594522,104.666093
KHM,KHM0128,KHM0128_BOUNGBAO,Hinboun,6,7848,40317681.69,0,0,0,0,40,55,40,17.572898,105.227871
KHM,KHM0128,KHM0128_HINBOONMAI,Hinboun,6,10832,457315128.5,19330955.26,76.5,97,155.1,40,55,40,17.572898,105.227871
KHM,KHM0134,KHM0134_POUNGNUEA,Hinboun,5,9437,298079617.9,13795848.24,106.7,66.1,172,80,120,30,17.799884,104.375172
KHM,KHM0135,KHM0135_PHATHOUNG,Hinboun,5,13445,60096050.93,0,0,0,0,87,135,30,17.8392,104.347
KHM,KHM0135,KHM0135_PHONKHOR,Hinboun,5,13334,354521690.5,5066502.136,53.1,38.8,90.6,87,135,30,17.8392,104.347
KHM,KHM0137,KHM0137_BANMENG,Hinboun,5,5161,215433620.6,9204275.599,74.4,79.4,153.7,100,140,40,17.8923,104.282
KHM,KHM0138,KHM0138_NAMDIK,Hinboun,5,3541,191927662.3,8104447.22,92.9,69.5,157.3,30,40,180,17.606632,104.69611
KHM,KHM0139,KHM0139_NONGPHUE,Hinboun,5,16661,91359230,6406156.681,159,191.7,272.6,35,55,0,17.6211,104.657
KHM,KHM0148,KHM0148_HUANAHINBOUN,Hinboun,5,2745,236774888.5,7607328.947,78,118.3,188.3,74,95,0,17.8512,104.657
KHM,KHM0155,KHM0155_KHOUNPHET,Hinboun,5,2066,21149677.75,0,0,0,0,65,80,0,17.7644,104.511
KHM,KHM0155,KHM0155_LAOLUANG,Hinboun,5,38861,140484980,4422687.367,116.1,78,172.1,65,80,0,17.7644,104.511
KHM,KHM0157,KHM0157_PAKTHEUK,Hinboun,5,1604,206885356.3,5954978.062,65.5,90.6,154.2,75,110,180,17.842421,104.495578
KHM,KHM0159,KHM0159_LAOKHA,Hinboun,5,50010,502315695.4,13851070.78,54.1,57.3,107.1,75,110,20,17.90696,104.37109
KHM,KHM0160,KHM0160_NALIENG,Hinboun,5,58491,213124549.4,4686537.416,115.9,54,135.8,95,140,360,17.974007,104.314525
KHM,KHM0177,KHM0177_MUANG,Mahaxai,5,12565,186590311.8,7521122.764,149.8,83.6,207,24,30,0,17.4381,105.139
KHM,KHM0181,KHM0181_BANDANG,Mahaxai,6,4919,360821441.1,19625024.56,81,112.7,159.2,50,65,30,17.45001,105.2361
KHM,KHM0184,KHM0184_KAVANAJAN,Mahaxai,5,16055,362250625.1,4270001.07,37.1,26.2,49.2,35,45,60,18.1998,104.52027
KHM,KHM0186,KHM0186_BANMAI,Thakhek,5,15788,319952079.9,9928203.476,90.1,74.7,129.5,30,45,0,17.4564,104.963
KHM,KHM0186,KHM0186_NAKHARM,Thakhek,5,13508,34752158.89,0,0,0,0,30,45,0,17.4564,104.963
KHM,KHM0187,KHM0187_KHAMPHALEANG,Mahaxai,5,19339,291800170.4,10427419.57,72.1,121.3,144.9,32,50,0,17.28,105.35
KHM,KHM0189,KHM0189_PHONMEUANG,Boualapha,5,2816,162970428.4,5704070.888,168.6,274,424,52,75,0,17.31477,105.61689
KHM,KHM0193,KHM0193_NASAIR,Mahaxai,5,2905,140573807.4,7731287.203,259.2,274.7,502.8,40,60,0,17.30892,105.42852
KHM,KHM0200,KHM0200_KENGCHONE,Xaibouathong,5,3342,206974173.4,7398835.584,113.9,149.3,241.7,10,30,180,17.285,105.23325
KHM,KHM0212,KHM0212_NATAN,Boualapha,5,1675,26782326.21,0,0,0,0,92,150,360,17.572898,105.227871
KHM,KHM0212,KHM0212_SA_ANG,Boualapha,5,2244,286665293.5,10706036.5,176.2,96.8,187.2,92,150,360,17.572898,105.227871
LNT,LNT0003,LNT0003_NALUE,Louang-Namtha,5,23507,466729434.3,5490923.958,52.4,31.7,67.1,15,20,60,20.930725,101.407675
LNT,LNT0009,LNT0009_NAMNGAEN,Louang-Namtha,5,18298,570328421.5,6185715.473,60.3,22.9,52.2,10,25,20,20.97208,101.37896
LNT,LNT0015,LNT0015_PHONEXAISAVANG,Louang-Namtha,5,36370,1040864507,14824561.96,55,13.9,68.5,15,30,0,20.92743,101.40142
LNT,LNT0024,LNT0024_VIENGKHAM,Louang-Namtha,5,30170,923472834.4,4094141.223,18.8,25.3,23.4,5,10,90,20.99912,101.40502
LNT,LNT0039,LNT0039_DK14,Louang-Namtha,5,31797,453062401.8,15282920.18,118,561.9,615.3,60,120,480,21.155889,101.669509
LNT,LNT0055,LNT0055_HARTLOM,Nale,5,4182,245839829.2,4674939.609,86,91.3,168.5,52,150,30,20.59359,101.45125
LNT,LNT0058,LNT0058_MOKPRAD,Nale,5,3524,115559119.3,5175391.221,177.2,302.3,442.6,110,360,90,20.39938,101.33847
LNT,LNT0061,LNT0061_BANMOM,Sing,5,2882,437508486.4,10421546.91,64.1,59.7,100.3,80,190,360,21.34904,101.16814
LNT,LNT0063,LNT0063_CHIENGLAE,Sing,6,16377,781615021.2,33269618.56,164.7,52.9,197.5,65,120,30,21.195095,101.146463
LNT,LNT0065,LNT0065_ERLAR,Sing,5,15576,471412059.1,6218914.537,44.7,25.2,60,90,120,60,21.09919,101.0881
LNT,LNT0066,LNT0066_HUAYLONG,Sing,5,14583,436289872.7,6737044.958,39.3,38.4,77.4,80,120,120,21.27484,101.1644
LNT,LNT0069,LNT0069_NAMDAIY,Sing,5,14157,483484183.2,10998698.82,67.6,58.7,115.1,70,120,30,21.15646,101.10954
LNT,LNT0074,LNT0074_SEELIHUEANG,Sing,5,14210,524624802.1,7860649.489,51.2,43.6,94.7,70,120,30,21.17269,101.133414
LNT,LNT0075,LNT0075_THONGMAI,Sing,5,10168,436942848.5,8853866.472,103.1,58.5,161.6,70,120,45,21.16461,101.12153
LNT,LNT0085,LNT0085_CHOMCHENG,Long,5,7866,344169012.3,4716180.955,73.5,37.5,109.7,110,180,40,20.960962,100.825072
LNT,LNT0086,LNT0086_DAENKANG,Long,5,6979,512902450.1,6139897.432,86.8,32.1,118.8,90,150,60,21.021939,100.958301
LNT,LNT0087,LNT0087_HUAYKOUM,Long,5,3923,321578127.9,9718725.651,122.1,114.2,196.1,150,360,90,20.87435,100.54585
LNT,LNT0092,LNT0092_SOMPANMAI,Long,5,6426,423814711.7,10041526.76,67,74.5,118.2,110,180,360,20.92683,100.72929
LNT,LNT0094,LNT0094_XIENGKOK,Long,6,5095,599561592.2,21398381.64,86.1,120.4,144.9,130,360,120,20.903174,100.642109
LNT,LNT0097,LNT0097_BAN_NALEA_KAO,Nale,5,988,138675287.1,8879912.017,277.6,329.4,555.9,130,360,240,20.437184,101.33021
LNT,LNT0112,LNT0112_HOSPITAL_BROTEN,Louang-Namtha,5,12347,513898776.4,16896787.1,58.2,82,48.3,60,120,120,21.1660476,101.6709118
LPB,LPB0010,LPB0010_DANSAVANG,Louangphrabang,5,17462,457877837,4594282.094,61.7,21.1,78.4,15,40,30,19.88931,102.25489
LPB,LPB0049,LPB0049_PAKPA,Louangphrabang,5,14832,363208866.8,7081916.512,59.5,32.5,88.8,25,40,30,19.96031,102.280086
LPB,LPB0065,LPB0065_PHANOM,Louangphrabang,5,68129,962733053.6,5249159.878,23.2,7.9,31.1,4,15,10,19.8836,102.16035
LPB,LPB0066,LPB0066_PHONEXAI,Louangphrabang,5,45045,646835201.6,4462554.467,34,9,43,7,20,0,19.92938,102.20396
LPB,LPB0073,LPB0073_PHOUSANGKHAM1,Louangphrabang,5,30536,761821030.8,5471016.258,29.6,14.9,39.6,6,20,0,19.9059,102.18013
LPB,LPB0116,LPB0116_BANDANE,Nan,5,36872,498198263.5,5197480.506,18.1,48.1,42.6,50,100,240,19.563272,101.998512
LPB,LPB0139,LPB0139_PHONHOM,Pak-Ou,5,9310,382238437.9,5636604.274,42.2,36.2,77.5,22,35,60,20.015739,102.2845
LPB,LPB0141,LPB0141_THAMTING,Pak-Ou,5,15430,479415168,5649551.656,27.7,37.4,50.9,45,80,180,20.05366,102.21833
LPB,LPB0158,LPB0158_VANGXIENG2,Phonthong,5,2458,526905655.6,5355584.676,39.2,23.2,43.5,95,240,480,20.73311,103.07645
LPB,LPB0161,LPB0161_PHONTHONG,Phonxai,5,1327,323968795,7573884.555,87.1,128.5,139.2,130,350,180,19.93427,102.911987
LPB,LPB0162,LPB0162_SOBCHIA,Phonxai,5,3347,257177978.2,4460306.095,94.7,75.5,148.5,80,240,60,19.96418,102.61577
LPB,LPB0169,LPB0169_PHOUVIENGNOI,Phoukhoun,5,12252,331855605.8,4284393.159,64.8,42.4,103.3,33,90,20,19.485264,102.60144
LPB,LPB0176,LPB0176_PHOUSANAM,Viengkham,5,5996,278467599.4,5617798.411,114.9,73.9,171.6,130,360,0,20.26224,102.84504
LPB,LPB0185,LPB0185_SILALEK,Xiang-Ngeun,5,31357,339270690.3,5466515.727,37.8,67.2,94.7,21,50,10,19.61892,102.05421
LPB,LPB0195,LPB0195_QKAJAM,Xiang-Ngeun,5,14075,261466968,6225948.085,21.9,79.2,81,50,120,60,19.5531,102.239
PSL,PSL0004,PSL0004_OU7,Phongsali,5,991,171005997.7,11514373.27,234.7,208,212.4,123,300,0,22.07291,102.26033
PSL,PSL0006,PSL0006_PHONKEO,Phongsali,5,8958,521880157.6,9902792.953,29.7,80.4,54.3,2,30,0,21.6784,102.0946
PSL,PSL0008,PSL0008_GAIYTAI,Phongsali,5,1725,432036550.5,8943041.957,75,78.1,46.3,56,150,120,21.85056,102.02894
PSL,PSL0010,PSL0010_HONGVAKAN,Phongsali,5,7453,560433081.9,8270522.025,38.1,58.4,67.4,2,30,20,21.68477,102.10595
PSL,PSL0015,PSL0015_KM55,Boun-Nua,5,8334,420810386.1,11709465.07,92.4,84.5,99.6,22,90,0,21.5056,101.848
PSL,PSL0026,PSL0026_PHIENGXAY,Boun-Nua,5,7268,456179885,4886196.772,45.9,77,69.4,12,60,180,21.692942,101.86525
PSL,PSL0027,PSL0027_BANLA,Gnot-Ou,6,5245,393474087.9,19953394.82,136.2,145.3,139.4,10,40,0,22.123861,101.736982
PSL,PSL0032,PSL0032_OUNEUA,Gnot-Ou,5,4317,345695535.6,10944652.75,72.4,117.2,60.1,24,40,150,22.30222,101.79462
PSL,PSL0034,PSL0034_PHOUTAXAN,Gnot-Ou,5,7329,267329385,8233044.484,113.5,113.3,122.4,15,60,0,22.090598,101.842534
PSL,PSL0036,PSL0036_SOMHEUANG,Gnot-Ou,5,3962,369830274,20700178.04,113,161.3,156.5,32,60,300,21.29589,102.24789
PSL,PSL0039,PSL0039_CHAKHAMDENG,Boun-Tai,5,989,219673117.1,14050632.39,322.3,349,479.3,43,180,0,21.340445,101.783282
PSL,PSL0042,PSL0042_MORJI_HUAYSAN,Boun-Tai,5,2625,160305284.4,5014519.507,102.3,210,224,19,60,60,21.30358,101.98354
PSL,PSL0046,PSL0046_SANE_IN,Boun-Tai,5,10101,342737344.4,4403376.339,44.5,60.9,41.3,3,30,30,21.38868,101.98082
PSL,PSL0047,PSL0047_XINGXAY,Boun-Nua,5,10693,335368194.3,6045919.711,74.6,80.5,84.5,9,30,30,21.41948,101.93721
PSL,PSL0058,PSL0058_PANGHOUK,Mai,5,3139,382151576.5,7898923.039,92,45.4,84.1,70,180,0,21.21863,102.86948
SLV,SLV0027,SLV0027_NONGKAIR,Laongam,5,4355,639724007.7,6443445.958,52.7,36.5,65.9,60,4270,60,15.48238,106.07206
SLV,SLV0030,SLV0030_ONNOY,Laongam,5,5734,443394862.3,4890872.911,48.1,35.8,73.1,60,3050,45,15.38335,106.14377
SVN,SVN0028,SVN0028_KM4_STADIUM,Kaisone,5,39206,584619399.9,6162204.057,64.5,32.9,74.8,5,15,180,16.58636,104.76588
SVN,SVN0131,SVN0131_KEANGHINKEO,SONGKHON,5,4406,204842234.7,11479580.64,161.1,274.2,111.2,9.4,20,0,16.157141,105.184128
SVN,SVN0139,SVN0139_NADOU,Songkhon,5,7426,357349887,13031319.1,157.3,90.6,62.5,11,23,150,16.203678,105.113968
SVN,SVN0146,SVN0146_NAYOUNG,Songkhon,5,3886,392468307.7,6989988.305,86.6,24.1,106.2,21,30,0,16.127558,105.089466
SVN,SVN0147,SVN0147_NONGBUATHA,Songkhon,5,3244,295691280.1,6815051.339,92.3,96.1,100.4,22,30,20,16.094887,105.121158
SVN,SVN0170,SVN0170_DONGNOI,Outhoumphon,6,13042,492626457.2,22300880.47,121.4,80.8,150,52,60,0,16.6061,105.09665
SVN,SVN0182,SVN0182_LAMCHAN,Champhon,5,10295,418632874.5,9514264.668,85,72.3,139,86,154,80,16.547436,105.277748
SVN,SVN0184,SVN0184_NAKATHANG,Champhon,5,8859,295681024.8,4238121.813,69.8,46.1,110,62,80,80,16.432668,105.252811
SVN,SVN0203,SVN0203_SAPHANGKEO,Atsaphangthong,5,26743,514600270.8,3992053.295,45.2,12.6,56.4,61,60,0,16.704524,105.216853
SVN,SVN0207,SVN0207_KUTSUNG,Atsaphon,5,6183,604522061.9,6052000.821,34.2,33.7,67.7,100,115,20,16.9044,105.30723
SVN,SVN0208,SVN0208_NAHANGNOI,Atsaphon,5,7135,376122611.3,6430392.529,87.8,29.8,87,99,106,0,16.87182,105.369133
SVN,SVN0217,SVN0217_M_NONG,Nong,5,1616,206489225.7,5068256.182,126.6,73.8,157.3,78,100,60,16.3749,106.497
SVN,SVN0223,SVN0223_KAENGPHAM,Phalanxai,5,2650,344271730.3,4542549.383,66.6,11.2,76.3,102,154,0,16.525536,105.534632
SVN,SVN0226,SVN0226_PHALANTAI,Phalanxai,5,12026,241389008.5,7283306.851,123.9,104,102.8,100,150,60,16.659995,105.560546
SVN,SVN0232,SVN0232_KHAMSA_E,Phin,5,2465,131912748.6,4363061.231,204.2,108.2,279.2,57,77,0,16.6412,105.923
SVN,SVN0236,SVN0236_NAPHILANG,Vilabouri,5,11194,132313862.4,10871838.88,276.1,202.1,369.1,59,79,150,16.84397,105.88192
SVN,SVN0238,SVN0238_NATHALANG,Phin,5,9220,381052802.2,5253840.344,73.8,9.1,77.8,30,45,40,16.550452,106.055409
SVN,SVN0239,SVN0239_NATHONG,Phin,5,10806,198700133.6,4093491.571,167.4,77.2,165.6,61,80,210,16.57982,105.80246
SVN,SVN0245,SVN0245_XETHAMUAK,Phin,6,11120,687768242.5,19563667.95,37,158.6,29.9,50,70,30,16.569952,105.919091
SVN,SVN0247,SVN0247_NAHINDARN,Thapangthong,5,3517,380633127.3,13237830.5,59.8,214.9,91,83,130,30,15.984441,105.810913
SVN,SVN0254,SVN0254_KEANGKAN,Xepon,5,4664,396757101.1,4157775.205,54.4,54.3,83.1,11,23,360,16.751599,106.132004
SVN,SVN0255,SVN0255_LARDHOR,xepon,5,812,76320446.32,4394126.543,485.4,277.8,576.6,28,45,0,16.809763,106.210304
SVN,SVN0256,SVN0256_MEUANGWANG,Vilabouri,6,3945,532695981.9,24703815.11,157.6,75.4,212.6,79,120,0,17.023769,105.706726
SVN,SVN0261,SVN0261_PAPHAKNAO,Vilabouri,5,2670,257910932.5,12787562.77,252.8,115.6,340.9,69,70,0,17.033754,105.651306
SVN,SVN0264,SVN0264_THARDNANGLAO,Vilabouri,5,3329,145063181.4,4265380.969,277.9,107.6,313.3,85,130,0,17.083925,105.748833
SVN,SVN0265,SVN0265_VILABOULY,Vilabouri,6,4877,497193969.5,16551434.32,125.3,58.5,176.1,48,50,40,16.98311,105.92534
SVN,SVN0266,SVN0266_BANVERN,Xaibouri,6,7185,663023436.1,27459827.68,40.1,112.6,80.5,72,110,150,17.039686,104.894638
SVN,SVN0268,SVN0268_DONGPHAO,Xaibouri,5,9925,302117626.9,5401767.618,107.6,44,143.2,70,108,10,16.98342,104.85934
SVN,SVN0269,SVN0269_HARDXAYSOUNG,Xaibouri,5,8909,340755991.4,6225355.807,110.9,75.7,176.1,76,80,0,17.079192,104.843377
SVN,SVN0273,SVN0273_KANGPA,Xaibouri,5,10181,324468382.8,7974195.86,72.8,83.7,130.1,80,120,0,17.03881,104.843629
SVN,SVN0277,SVN0277_NAHEUANG,Xaibouri,5,12776,292431407.8,4350685.202,64.9,58.3,108.1,78,110,0,16.990774,105.060265
SVN,SVN0284,SVN0284_XAIBOULY,Xaibouri,5,46142,443075720.1,6454956.42,55.5,52.9,106.8,61,60,0,16.98674,104.92558
SVN,SVN0286,SVN0286_YANGKHAM,Xaibouri,5,11956,399150685.3,4297804.996,47.6,44.9,89.1,64,60,210,16.9569,104.882
SVN,SVN0293,SVN0293_MUANGKHAI,Xaiphouthong,5,10929,698920213.8,6814744.813,38.1,9.6,45.5,41,50,0,16.390909,104.999733
SVN,SVN0294,SVN0294_NAMAKKUEA,Xaiphouthong,5,11019,350469686.3,5389370.512,48.8,45.7,91.1,40,43,0,16.34796,105.01286
SVN,SVN0308,SVN0308_NAMPA,Vilabouri,5,3310,201623196.4,5763478.126,190.8,112.2,295.2,53,72,0,16.925517,106.084603
SVN,SVN0310,SVN0310_PHOUTAKOY,Xepon,5,6501,228142408.5,6646759.479,172.7,346.5,210.3,36,30,0,16.6135,106.503
SVN,SVN0316,SVN0316_BUENGXANG,Xonbouri,5,6708,383292171,4635862.946,52.7,23.9,66.1,78,110,0,16.388365,105.381912
UDX,UDX0002,UDX0002_BANKM7,Xai,6,29688,764408091.6,19628370.4,56.8,88,142.5,7,15,30,20.73146,101.9523
UDX,UDX0025,UDX0025_HUANAMBARK,Xai,5,2757,578298340.9,16090997.95,54.2,133.5,42.9,35,50,180,20.67663,102.17276
UDX,UDX0033,UDX0033_LONGYA,Xai,5,6982,306055090.1,5476164.298,129.5,11.1,125.9,28,40,180,20.78766,102.12328
UDX,UDX0037,UDX0037_NACHANG,Xai,6,23697,432757447.3,32532811.45,196.2,52.9,245.3,22,60,30,20.83187,101.97193
UDX,UDX0050,UDX0050_PUNGVIN,Xai,5,20868,302880356.1,5376177.149,71.9,39.6,105.6,37,50,30,20.57093,102.15724
UDX,UDX0061,UDX0061_NALAI,Beng,5,16507,485747210.4,4635954.16,60.2,4.6,60.9,30,60,200,20.341363,101.678452
UDX,UDX0071,UDX0071_BANNA,Houn,5,8466,664213770.5,7444768.055,32.9,16.3,45.1,15,20,120,20.174578,101.44408
UDX,UDX0073,UDX0073_CHANTAI,Houn,5,17607,778499000.6,5469217.477,32.7,11,27.4,7,15,120,20.11163,101.41631
UDX,UDX0082,UDX0082_NAXIENGDEE,Houn,5,2942,518577716.1,5610904.973,34,27,50.6,28,40,180,19.99576,101.52504
UDX,UDX0085,UDX0085_PHONSAVANG,Houn,5,9411,504961880,4133253.053,22.9,27.9,48,33,30,420,20.01022,101.30994
UDX,UDX0090,UDX0090_DK20,Namo,5,26652,421995764.7,6726903.623,64.6,38,100.7,50,80,60,20.878445,101.789669
UDX,UDX0093,UDX0093_KHUANG,Namo,5,6007,1052305018,5020032.63,18.7,15.3,22.2,80,150,180,21.059982,101.810104
UDX,UDX0099,UDX0099_PANGTHONG,Namo,6,27459,786619563.2,40782675.81,161.9,40.2,180.1,75,110,120,20.97888,101.67632
UDX,UDX0101,UDX0101_PHOUOUM,Namo,5,2689,227235678.9,4141992.787,188.2,97.1,141.1,72,120,480,20.787685,101.640503
UDX,UDX0102,UDX0102_TAO,Namo,5,1922,367685119.3,17828349.94,169.6,403.8,61.3,90,480,480,20.690296,101.543274
UDX,UDX0125,UDX0125_GOLDMINING_CAMP950,Pakbeng,5,4378,623336164.3,10764323.98,88.2,62.3,145,80,130,30,19.9259,100.989
UDX,UDX0127,UDX0127_MOKCARE,Pakbeng,5,4459,275577093.5,6236774.398,97,70.1,151.8,70,100,120,20.017661,101.110092
UDX,UDX0131,UDX0131_XAYXANA,Pakbeng,5,10933,654943734.3,9319354.926,34.4,29.5,59.8,30,50,60,19.97233,101.26926
UDX,UDX0135,UDX0135_PARKKOR,La,5,12314,209189834.2,5038180.913,158.2,49.8,191,32,60,60,20.87337,102.14893
UDX,UDX0136,UDX0136_PHOULONGKHAM,La,5,18859,295429998.2,6619763.444,129.7,20.2,59.8,28,40,180,20.865068,102.117671
UDX,UDX0158,UDX0158_HUANA,Xai,6,1466,399090801.6,23426397.19,185.4,276.2,413.4,120,360,120,20.67663,102.17276
VTE,VTE0070,VTE0070_CHAMPAR,Sikhottabong,5,60954,1456492582,18268997.95,18.3,17,35.3,27,60,210,18.0297,102.47316
VTE,VTE0078,VTE0078_JUDSUN_ARMY,Naxaythong,5,57942,1369739670,20809235.48,24.9,10.1,33.4,23,50,180,18.0326,102.525
VTE,VTE0079,VTE0079_JUDSUN_ARMY2,Naxaythong,5,13034,717771979.9,4861623.942,43.4,14.5,56,23,50,120,18.0326,102.525
VTE,VTE0110,VTE0110_NONGTENGNEUA,Sikhottabong,6,67395,1363380120,20747764.24,31.6,33.9,55,18,40,60,18.0242,102.53
VTE,VTE0143,VTE0143_VIENGKHAM2,Sikhottabong,5,34637,837851292.6,19273831.43,50.2,83.4,44.6,26,60,180,18.01217,102.487508
VTE,VTE0175,VTE0175_HONGSUPHAP2,Xaisettha,5,38756,626656190.9,5141965.851,35,25.2,45.6,9,31,20,18.0134,102.66505
VTE,VTE0186,VTE0186_KHAMSAWATH2,Xaisettha,5,70832,1038578557,6064419.05,11.2,20.7,19.7,8,31,120,17.96827,102.677
VTE,VTE0192,VTE0192_MEUANG_NOY,Xaisettha,5,110953,1425946313,10315049.72,18.2,7.9,26.1,8,26,20,17.94267,102.67107
VTE,VTE0196,VTE0196_NAKOUY2,Xaisettha,5,45184,1212346346,7073490.597,14.8,7.4,20,12,31,30,17.94576,102.70299
VTE,VTE0260,VTE0260_DONGSAVAT,Sisattanak,5,25158,725527674.9,4493178.877,41,1.9,29.4,10,30,0,17.92,102.636
VTE,VTE0319,VTE0319_THONGMUNG_FT,Xaithani,5,45341,639904938.7,7893011.495,38.4,32.8,57.5,38,90,60,18.2359,102.69927
VTE,VTE0323,VTE0323_CHEANGSAWANG,Naxaythong,5,87787,881163259.9,6068054.26,13.7,9,21.5,29,48,120,18.16254,102.49947
VTE,VTE0331,VTE0331_DONGXIENGDY,Naxaythong,5,37616,1077741276,5269659.563,17.8,6.2,21.3,15,31,120,18.06151,102.59897
VTE,VTE0335,VTE0335_HOUMBENG,Naxaythong,5,26112,1146791490,6788571.569,11.4,18,27.6,33.7,50,120,18.18506,102.51597
VTE,VTE0353,VTE0353_NASIEW3,Naxaythong,6,41971,1402748333,29246633.95,28.5,7,28,15,31,180,18.039828,102.585864
VTE,VTE0362,VTE0362_NAXONE_NAXAYTHONG,Naxaythong,5,52715,654056094.2,5474832.547,15.3,34.2,49.4,31,45,90,18.107864,102.506516
VTE,VTE0398,VTE0398_DANXANG2,Xaithani,5,22711,745056348.4,4231568.429,25.2,14.8,35.8,15,31,20,18.08219,102.66404
VTE,VTE0399,VTE0399_DONGBANG,Xaithani,5,36098,1074313791,13409723.31,29.5,21.5,31.2,24,55,120,18.13949,102.72863
VTE,VTE0407,VTE0407_DONGSANGHIN,Xaithani,5,103225,1371199564,13964398.39,25.8,12.1,36,16,35,20,18.05875,102.6878
VTE,VTE0413,VTE0413_DONNOUN5,Xaithani,5,13960,621879198.3,5309704.408,33.7,21.3,44.4,15,35,10,18.06186,102.656439
VTE,VTE0414,VTE0414_DONNOUN6,Xaithani,5,83528,847387331.6,5963452.248,20.4,10.6,28.6,14,31,10,18.051354,102.653127
VTE,VTE0419,VTE0419_DONGDOK_DORMITORY,Xaithani,5,53320,544283025.5,5488311.317,69.8,38.1,23.4,10,31,0,18.03834,102.63153
VTE,VTE0423,VTE0423_HUAXIENG,Xaithani,5,23558,1103093414,7475444.577,15.4,21.4,33.8,28,50,10,18.03138,102.78808
VTE,VTE0424,VTE0424_HOUYTEUY,Xaithani,5,55912,1167346167,7346256.993,15.8,16.5,32.3,14,40,10,18.08707,102.6308
VTE,VTE0436,VTE0436_KHOK_NOY2,Xaithani,5,136468,744471775.6,5622860.188,28.7,10,38.7,17,40,60,18.034339,102.68796
VTE,VTE0462,VTE0462_NAPHOK,Xaithani,5,30997,898800335.2,6543795.484,40.2,5.2,37.1,30,55,90,18.12799,102.7691
VTE,VTE0507,VTE0507_PHONNGARM_THADINDENG,Xaithani,5,24721,1188246111,11463850.96,26.9,20,40.1,35,55,120,18.16472,102.76767
VTE,VTE0518,VTE0518_SAISAWANG,Xaithani,5,118542,1258317992,13004802.45,35.6,2.9,36.3,14,35,10,18.05522,102.67485
VTE,VTE0545,VTE0545_THASAWANG,Xaithani,5,103069,877660205.9,5440509.173,17.7,21.4,38,27,50,30,18.13028,102.61699
VTE,VTE0557,VTE0557_XAYSOMBOUN,Xaithani,5,21222,754608107.2,5387264.792,27.4,13.5,39,26,45,30,18.05637,102.75032
VTE,VTE0580,VTE0580_DONHOR,Hatxayfong,5,38044,742907071.5,8128655.672,26.4,28.8,47.2,15,30,20,18.0832,102.93019
VTE,VTE0593,VTE0593_KM9_SOMVANG,Hatxayfong,5,122104,1813846492,37240096.63,44.7,6.8,15.5,8,30,180,17.89678,102.63772
VTE,VTE0596,VTE0596_NAHAI2,Hatxayfong,5,47474,879194478.5,5246053.219,17,19.2,35.6,28,60,20,17.87437,102.663
VTE,VTE0599,VTE0599_NATHAM_HADXAYFONG,Hatxayfong,5,24895,792898530.7,4165773.325,13.4,21.9,34.7,31,80,50,17.865396,102.607751
VTE,VTE0609,VTE0609_NONGPHONG,Hatxayfong,5,9992,781949519.6,5258342.856,14,24.6,38.5,7,20,40,17.96253,102.78242
VTE,VTE0671,VTE0671_XOR,Sangthong,5,3427,462839649.3,7239565.456,68.9,56.1,98.4,70,150,150,18.31663,102.10796
VTE,VTE0684,VTE0684_DONHAI,Pak-Ngum,5,129785,1192028725,8278398.492,18.3,26.1,27.8,44,60,120,18.0832,102.93019
VTE,VTE0723,VTE0723_XIENGLEANA,Pak-Ngum,5,18928,429168839.9,8000625.891,23.5,39.3,62.2,80,120,120,18.207281,102.930107
VTE,VTE0751,VTE0751_LOGISTIC_PARK,Hatxayfong,5,41563,660509257.9,4694542.731,19.9,10.1,26.1,21,45,120,17.910265,102.709548
VTP,VTP0015,VTP0015_NONGKHONH,Phonhong,5,74758,538448748.8,4886542.929,44,25.7,58.5,30,60,240,18.3793,102.3885
VTP,VTP0040,VTP0040_BANMAI,Phonhong,5,136752,947909820.9,5347525.895,17.6,16.8,28.4,38,60,15,18.3049,102.4635
VTP,VTP0047,VTP0047_HONGLEUY,Phonhong,5,110054,1099703364,7383686.601,24.1,15.8,33.7,40,45,360,18.3764,102.4261
VTP,VTP0051,VTP0051_BANCHAENG,Thourakhom,5,19119,650373700.3,8969750.065,46.9,40.3,72.6,45,75,0,18.28993,102.55811
VTP,VTP0056,VTP0056_BOUNGPHAO,Thourakhom,5,32037,1214378283,9385781.46,42.5,11.5,48.7,33,50,0,18.3329,102.5467
VTP,VTP0065,VTP0065_KERNTAI,Thourakhom,5,28888,759800564.5,7244453.077,35.7,20.5,46.7,30,45,480,18.3539,102.5725
VTP,VTP0066,VTP0066_LINGXANH,Thourakhom,5,27754,580441181.5,7084769.285,19.2,66.3,37.7,65,150,60,18.3153,102.5561
VTP,VTP0071,VTP0071_NAPEUY,Thourakhom,5,16957,547182683.9,5622235.245,24.9,30,49.8,30,50,60,18.4295,102.6051
VTP,VTP0073,VTP0073_NASANGLEK,Thourakhom,5,48844,728564920.5,6269920.142,32.6,25.5,49.1,33,40,480,18.3614,102.6267
VTP,VTP0083,VTP0083_TANPIEOW,Thourakhom,5,34242,826375090.5,8712740.501,22.5,40.7,41.9,49,120,0,18.2408,102.5901
VTP,VTP0084,VTP0084_VANGHUEA,Thourakhom,5,4121,942572069.2,14177583.8,20,82.3,90.8,78,180,120,18.3594,102.8121
VTP,VTP0101,VTP0101_KHANMARK,Vangvieng,5,15400,563730901.5,11380123.63,38.2,97.5,107.2,12,15,120,18.8701,102.4893
VTP,VTP0102,VTP0102_KIEWKUOANG,Vangvieng,5,2547,207457916.3,5559278.391,87.8,102.6,168.3,45,90,240,19.1202,102.4609
VTP,VTP0120,VTP0120_PHATANG,Vangvieng,5,60604,591632543.2,4507754.152,56.9,40.5,83.2,22,40,240,19.0709,102.4296
VTP,VTP0122,VTP0122_PHONKHAM,Vangvieng,5,19744,411523318.2,5403403.012,38.7,39.8,53.6,16,30,30,18.9032,102.3638
VTP,VTP0123,VTP0123_PHONPHENG,Vangvieng,5,72816,1050517022,9803505.877,26.9,20.9,27.2,4,10,360,18.9307,102.4515
VTP,VTP0129,VTP0129_SIMENFACTORY,Vangvieng,5,34613,500886061.2,12661380.62,40.2,84.7,118.2,8,10,0,18.8765,102.4833
VTP,VTP0131,VTP0131_THAMJANG,Vangvieng,5,63204,945571203.6,8425577.937,21.1,17.8,28.4,4,10,30,18.9161,102.4478
VTP,VTP0132,VTP0132_THAMPOUKHAM,Vangvieng,5,31385,659477707.8,8943115.277,43,32.5,56.5,6,15,480,18.9261,102.3951
VTP,VTP0140,VTP0140_VANGVIENG_MK,Vangvieng,5,76316,1034447664,9532987.481,31.1,5.9,37.1,4,10,10,18.9392,102.4469
VTP,VTP0147,VTP0147_VIENGSAMAI,Vangvieng,5,39856,413084382.2,5602099.68,78.9,40.7,108.2,5,10,60,19.029249,102.442711
VTP,VTP0152,VTP0152_NAKHEUA,Viengkham,5,30671,917439484.3,4297406.995,17.7,4.2,21.9,7,15,30,18.4341,102.5331
VTP,VTP0168,VTP0168_NAMKOUN,xanakham,5,11222,401348582.9,7200843.454,111.2,23.8,133.5,34,90,30,18.1431,101.7206
VTP,VTP0170,VTP0170_NAPHIENG,xanakham,5,21489,623771911.2,7271375.201,53.7,37.5,56.5,9,20,5,17.9681,101.6911
VTP,VTP0171,VTP0171_NASAK,xanakham,5,18470,531947791.5,6445229.625,104.8,17.6,121.7,19,45,60,18.0677,101.6913
VTP,VTP0172,VTP0172_NONHUAXANG,xanakham,5,7264,515217818.7,6118189.682,56.6,5.2,59.5,45,120,360,18.2024,101.7241
VTP,VTP0183,VTP0183_JADSANH,Fuang,5,9239,572221701.6,7621455.752,57.7,63.2,98.9,62,180,0,18.714669,102.105784
VTP,VTP0188,VTP0188_NA_ANG,Fuang,5,26442,359061768.3,4531215.513,35.1,68.8,67.1,85,180,240,18.5716,101.9758
VTP,VTP0196,VTP0196_PHAXANG,Fuang,6,15577,1097867710,15091344.72,47.3,17.1,64.3,92,240,10,18.4724,101.9808
VTP,VTP0209,VTP0209_KHONKEO,Hinheup,5,19393,337041555.6,5232132.645,67.2,85.3,152.5,45,90,360,18.5479,102.3342
VTP,VTP0214,VTP0214_NAPHONG2,Hinheup,5,4345,313756013.8,7262190.104,143.3,152.6,259.5,65,150,10,18.5174,102.2242
VTP,VTP0215,VTP0215_NASUM,Hinheup,6,10811,524285076.9,16138029.53,72.1,111.1,170.7,55,150,120,18.4908,102.2771
VTP,VTP0216,VTP0216_NATAI,Hinheup,5,2126,331245974.2,4333554.865,61.8,73.5,93.5,60,150,120,18.704438,102.289923
VTP,VTP0217,VTP0217_NONGLUANG,Hinheup,5,2441,301335698.1,5292969.182,72.8,83.4,93.9,65,150,0,18.7612,102.2566
VTP,VTP0218,VTP0218_PHABONG,Hinheup,5,5406,459145127.7,9113268.305,59.2,80.4,85.3,60,150,120,18.749034,102.27586
VTP,VTP0219,VTP0219_PHONMUOANG_HH,Hinheup,6,52126,686532246.5,15887890.65,40.3,99.1,116.9,48,120,0,18.6297,102.2651
VTP,VTP0220,VTP0220_PHONNGAM,Hinheup,5,9999,480116808.8,9805702.112,65.5,101,155.1,49,120,30,18.5337,102.3165
VTP,VTP0227,VTP0227_SOMSANOOK,Hinheup,5,15718,387159736.9,6351237.357,98.2,126.1,205.1,70,180,10,18.7892,102.4608
VTP,VTP0229,VTP0229_SOUANMON,Hinheup,5,5781,411540580.4,10560076.56,128.6,149.6,241.4,65,180,10,18.4418,102.2086
VTP,VTP0232,VTP0232_BANCHIENG,Kasi,5,33916,573901527.6,7417567.912,62.1,15.3,67.9,47,90,15,19.1515,102.2101
VTP,VTP0235,VTP0235_DK60,Kasi,5,48719,498979300.3,7001480.283,43.1,18.2,47.1,70,180,30,19.2663,102.2307
VTP,VTP0239,VTP0239_HUAYSANE,Kasi,5,31156,373250764.1,14838645.68,59.6,120.8,104.7,80,210,240,19.3015,102.1694
VTP,VTP0240,VTP0240_LONGMARKKHAY,Kasi,5,1172,157820677.5,5878112.277,102.8,193.6,117.7,87,240,30,19.2888,102.4467
VTP,VTP0245,VTP0245_NASOO,Kasi,5,26430,658449445.1,10031679.21,45.4,15.5,50.1,62,180,0,19.2354,102.2746
VTP,VTP0247,VTP0247_NONGSAN,Kasi,6,899,172827155.7,16875005.95,473,770.6,560.4,98,240,60,19.1392,102.0066
VTP,VTP0254,VTP0254_PHOUNOM,Kasi,5,17120,389312446.6,9510612.711,135.5,58.8,157.3,80,180,0,19.2891,102.3281
VTP,VTP0255,VTP0255_POUNGLUCK,Kasi,6,5564,230177242.3,19434691.42,155.4,334,281.1,87,210,30,19.0711,102.0611
VTP,VTP0261,VTP0261_KOKKIENG,Keo-Oudom,5,20550,577131491.4,6478288.81,22.3,51.8,55.4,14,20,60,18.5614,102.4645
VTP,VTP0264,VTP0264_PHOUKHAOKHAM,Keo-Oudom,5,20209,610989823.9,5135958.625,20.5,38.3,21.5,12,30,0,18.5272,102.51
VTP,VTP0272,VTP0272_NADEE,Met,5,3343,229075442.7,7252946.491,120.8,49.2,170.1,115,240,15,18.7816,101.8964
VTP,VTP0274,VTP0274_NAMFEUANG,Met,5,915,190048968.3,6114457.252,113.1,280.8,122.8,125,300,120,18.9205,101.8941
VTP,VTP0288,VTP0288_NAMPHERN,Muen,5,12941,1052463440,7198141.156,32,9.8,35.5,128,240,120,18.2266,101.9338
VTP,VTP0291,VTP0291_NUMHONE,Muen,5,15138,1214847236,17821242.45,51.9,24.7,56.3,115,240,0,18.2856,101.9574
VTP,VTP0313,VTP0313_PHONESAVANGS,xanakham,5,13144,502807579.6,6465927.143,118.9,16.9,129.6,15,30,5,18.0967,101.7107
VTP,VTP0322,VTP0322_PHATHAO_VV,Vangvieng,5,14372,424152281,5678586.196,139.4,41.1,111.6,25,30,15,19.0204,102.4332
VTP,VTP0327,VTP0327_KENGXIENG,Fuang,5,31758,401544860.7,5633516.892,67.2,33.6,90.4,86,150,0,18.727289,102.131685
XKG,XKG0035,XKG0035_SATUATAI,Thateng,5,3399,229362523.5,5005896.227,102.8,78.9,179.3,36,60,240,15.37121,106.59296
XKG,XKG0047,XKG0047_POWERHOUSE,Laman,5,874,160681360.1,5260085.69,191.4,192,268.8,85,180,10,15.5664957,106.9825053
XKG,XKG0051,XKG0051_PANONE,Karum,6,1183,243568880.4,21561913.34,390.7,218,178.9,143,330,60,15.801673,107.140766
XKG,XKG0052,XKG0052_ARTENG,Karum,5,520,94349458.2,4476213.497,443.4,438.6,354.4,165,390,120,15.897219,107.181135
XKG,XKG0061,XKG0061_XEKONG5_DAM,Karum,6,398,86339240.06,14657371.07,381.9,1419.1,1731.7,250,360,120,15.9162,106.9336
XKH,XKH0024,XKH0024_PHONETHONG,Pek,5,59748,1039421193,4578009.59,22.7,2.4,23.2,8,18,30,19.425466,103.17124
XKH,XKH0077,XKH0077_NGANE_ZONE,Khoun,5,5400,486555287.7,4884892.464,32.1,52.1,71,88,135,60,19.16103,103.6957
XKH,XKH0087,XKH0087_KANGVIENG,Mok-Mai,6,4567,569379403,20224418.14,118.7,83.5,194.7,155,240,215,18.9301,103.988
XKH,XKH0088,XKH0088_NAKON,Mok-Mai,5,4066,580550316.1,9642222.38,67.5,67.4,130.4,133,210,120,19.07254,103.950856
XKH,XKH0090,XKH0090_CHAMMUEN,Nonghet,5,8032,383566267.4,8072935.951,88,37.2,118.7,55,105,0,19.48024,103.88527
XKH,XKH0095,XKH0095_NONGPHET,Pek,5,29871,863904746,5976141.421,29.5,11.2,38.9,26,45,90,19.559274,103.381839
XKH,XKH0097,XKH0097_PHAKHAE,Nonghet,5,10577,362299869.3,4416035.485,60.4,31.9,71.1,36,60,20,19.605527,103.822675
XKH,XKH0099,XKH0099_YOT20,Nonghet,6,9277,577980956.1,17128273.55,99.7,75.4,153.5,50,75,120,19.61302,103.878296
XKH,XKH0110,XKH0110_NAMNGEUAM4A,Phoukout,5,1741,265787958.4,4622354.311,67.5,18.6,51.3,45,90,360,19.449617,103.005801
XKH,XKH0113,XKH0113_NUMNGEUM4B,Phoukout,5,4253,271191144.7,8108324.347,69.2,111.2,82.9,70,120,150,19.418488,102.932479
XSB,XSB0017,XSB0017_516ZONE,Longxan,6,6990,702191838.6,19969794.99,40.3,101.4,43.4,42,5490,120,18.561076,102.763384
XSB,XSB0019,XSB0019_NAXAY,Longxan,5,9795,408228687.9,8951296.241,79,111.1,72.8,6,610,300,18.555969,103.058746
XSB,XSB0024,XSB0024_M_LONGXAN_LTC,Longxan,5,13632,487460577.7,10544183.59,101.4,93.3,93.8,1,3,10,18.553695,103.009502
XSB,XSB0029,XSB0029_NAMPOUNG,Hom,5,831,99865018.83,7056386.461,316.2,315.3,480.3,69,976,40,18.62527667,103.280865
XSB,XSB0030,XSB0030_NAMTHOUY,Hom,6,1126,199775753.8,19227195.13,450.2,328.6,496.1,95,1342,60,18.54004,103.4602
XSB,XSB0031,XSB0031_PHUKATHA,Hom,5,1399,280520885,7769149.869,191.1,202.7,266.3,71,1159,40,18.569929,103.312753
XSB,XSB0032,XSB0032_HOMTHARD,Hom,6,4015,367721729.7,15865309.3,88.8,190,142.1,56,915,40,18.7111,103.2099
XSB,XSB0033,XSB0033_PALAWEAK_HIGH_SCHOOL,Hom,6,4529,355156652.2,19428936.34,155.3,172.6,161.7,52,854,300,18.67944,103.19069
XSB,XSB0034,XSB0034_PHALAVEK,Hom,5,5138,461075037,10181975.56,30.8,152.3,45.1,50,915,240,18.68082,103.18383
XSB,XSB0036,XSB0036_NAMXAN,Longcheng,5,4445,228933072.2,9490959.605,102.4,144.6,185,54,915,40,18.982051,102.943124
XSB,XSB0038,XSB0038_LONGCHENG,Longcheng,5,3360,410451528.7,6494168.895,79.1,56.7,100.7,63,1037,10,19.08469,102.94201
XSB,XSB0041,XSB0041_XAMTHONG,Longcheng,5,2134,158098419.2,6927653.25,155.5,192.2,187.3,78,1220,40,19.1794,102.8912
XSB,XSB0043,XSB0043_KHETNGAM,Thathom,5,2074,320371569.4,10290595.97,68,185.5,180.6,42,3660,300,18.9522,103.7776
XSB,XSB0045,XSB0045_PAKYONG,Thathom,5,29573,281044365.1,4252017.974,50.9,67.1,100.9,26,2440,0,18.888612,103.77397
XSB,XSB0053,XSB0053_NAMXANB,Thathom,5,1317,158560027.4,4880192.722,101.8,413.6,490.8,8,1830,0,19.08674,103.619702
XYL,XYL0039,XYL0039_NAYAO,Xaiyabouly,5,28162,538508227.9,6608294.969,58,13.4,48.5,4,671,30,19.27564,101.7174
XYL,XYL0049,XYL0049_PAKTHUNG,Xianghon,5,8297,1024918988,9535351.01,33.9,34.9,50.3,26,60,10,19.54972,100.70083
XYL,XYL0064,XYL0064_KHOKKAODOR,Paklai,5,26235,637393505.4,10644874.25,63.1,40.6,90,7,1220,0,18.1648,101.3981
XYL,XYL0069,XYL0069_MEUANGPA,Paklai,5,10367,771123765.9,13502875.95,86.1,42.2,120.5,60,61,15,18.5495,101.60994
XYL,XYL0070,XYL0070_MEUANGVA,Paklai,5,10396,915510587,10624990.55,50.2,13.7,50.6,21,60,15,18.28047,101.31774
XYL,XYL0071,XYL0071_NAKHAN,Xaiyabouly,6,2199,440109332.9,19815353.21,195.1,99.7,281.2,80,189,15,18.94875,101.721624
XYL,XYL0094,XYL0094_KHOKAEK,Hongsa,5,2037,336612196.9,6023328.252,68,106.1,140.7,45,69,15,19.83582,101.6229
XYL,XYL0097,XYL0097_NAPUNG,Hongsa,5,12719,469543806.9,5845758.119,52.3,17.2,67.9,7,1220,30,19.69223,101.40586
XYL,XYL0137,XYL0137_BANKANG,Phiang,5,17544,522056663.8,4978097,64.4,16.7,58.8,35,61,10,19.094032,101.533
XYL,XYL0141,XYL0141_NALAE,Phiang,5,14126,387992036.8,5195073.978,67.4,10.7,65.8,80,189,10,18.71509,101.56307
XYL,XYL0142,XYL0142_NAVAND,Phiang,5,2230,430223561,6890391.039,74.6,20.7,91.9,90,185,10,18.7991,101.36515
XYL,XYL0143,XYL0143_NAXING,Phiang,5,16551,583281511.4,7739622.042,66,26.2,75,44,66,10,19.010311,101.506051
XYL,XYL0147,XYL0147_SOMSAVATH,Phiang,5,14033,348879545.4,7214130.952,88.5,29.7,107.2,95,181,10,18.671429,101.55986
XYL,XYL0160,XYL0160_BANMAI,Thongmixai,5,3523,278974584.5,4056684.661,87.2,49.3,107.6,51,66,5,18.3638,101.13556
XYL,XYL0161,XYL0161_M_THONGMIXAY,Thongmixai,5,8289,539617330.9,4758413.33,36.9,25.1,30.8,45,69,30,18.3999,101.176
XYL,XYL0170,XYL0170_BORSAN,Boten,5,1523,237887873.1,5029111.21,116.2,58.8,166,130,241,0,17.65952,101.10278
XYL,XYL0176,XYL0176_MUENGHAM,Boten,5,5320,418598488.5,5128294.169,68.2,32.6,94.7,105,183,5,17.76745,101.15284
XYL,XYL0181,XYL0181_NONGBONGDENG,Boten,5,2752,271607992,3961655.658,130.4,42.1,155.4,130,241,0,17.5501,101.16
XYL,XYL0185,XYL0185_NAKONG,Xaiyabouly,5,12582,394621437.5,6103629.635,93.4,31,97.4,100,186,0,19.29652,101.81362
